,layer,head,aa,attn_occur_norm
2,0,0,D,1.0573097
3,0,0,E,0.8156192
8,0,0,K,1.4186817
14,0,0,R,0.6582484
22,0,1,D,0.98279655
23,0,1,E,1.1433531
28,0,1,K,0.9172924
34,0,1,R,0.8087238
42,0,2,D,1.003499
43,0,2,E,0.97740173
48,0,2,K,1.0002248
54,0,2,R,1.0112073
62,0,3,D,0.9427215
63,0,3,E,0.99488294
68,0,3,K,0.86040115
74,0,3,R,1.1304564
82,0,4,D,1.0166535
83,0,4,E,0.95119596
88,0,4,K,0.95781446
94,0,4,R,0.86508644
102,0,5,D,0.8845464
103,0,5,E,0.9538982
108,0,5,K,0.8838463
114,0,5,R,0.92593527
122,0,6,D,0.6564027
123,0,6,E,1.0935969
128,0,6,K,0.901608
134,0,6,R,1.1525224
142,0,7,D,1.1006421
143,0,7,E,1.0445493
148,0,7,K,0.8216619
154,0,7,R,0.27089414
162,0,8,D,1.3352889
163,0,8,E,0.4881254
168,0,8,K,0.5751807
174,0,8,R,0.73540807
182,0,9,D,1.0549887
183,0,9,E,1.0378208
188,0,9,K,1.0967509
194,0,9,R,0.8740528
202,0,10,D,0.9925771
203,0,10,E,0.95489323
208,0,10,K,0.99943715
214,0,10,R,0.9186886
222,0,11,D,1.0563617
223,0,11,E,0.85315037
228,0,11,K,1.1921062
234,0,11,R,0.9998935
242,0,12,D,0.8011428
243,0,12,E,0.69898146
248,0,12,K,0.5498288
254,0,12,R,1.5775378
262,0,13,D,0.97637475
263,0,13,E,0.9871442
268,0,13,K,0.97345513
274,0,13,R,0.956996
282,0,14,D,0.69850147
283,0,14,E,1.1433437
288,0,14,K,0.62202066
294,0,14,R,0.88241404
302,0,15,D,0.99929786
303,0,15,E,0.8476219
308,0,15,K,0.9186464
314,0,15,R,0.89934295
322,0,16,D,1.3670872
323,0,16,E,0.7898557
328,0,16,K,0.5231632
334,0,16,R,1.0691677
342,0,17,D,0.98392916
343,0,17,E,0.9869121
348,0,17,K,1.0395877
354,0,17,R,0.9745541
362,0,18,D,0.85616773
363,0,18,E,0.9143098
368,0,18,K,1.5011663
374,0,18,R,0.73568505
382,0,19,D,0.7614469
383,0,19,E,0.87938476
388,0,19,K,0.7400448
394,0,19,R,1.1681931
402,1,0,D,1.0084738
403,1,0,E,1.3888044
408,1,0,K,1.1479609
414,1,0,R,1.2759888
422,1,1,D,0.9825675
423,1,1,E,0.96446985
428,1,1,K,0.9550587
434,1,1,R,0.968625
442,1,2,D,1.4750566
443,1,2,E,1.2928271
448,1,2,K,1.1639667
454,1,2,R,1.3908371
462,1,3,D,0.9892386
463,1,3,E,1.0383878
468,1,3,K,0.9566335
474,1,3,R,0.9284843
482,1,4,D,0.6893267
483,1,4,E,1.6194371
488,1,4,K,2.820614
494,1,4,R,3.5105078
502,1,5,D,1.3225193
503,1,5,E,1.3509035
508,1,5,K,0.951631
514,1,5,R,1.0907706
522,1,6,D,0.67531586
523,1,6,E,0.77648354
528,1,6,K,1.32483
534,1,6,R,0.875087
542,1,7,D,1.0024998
543,1,7,E,0.9704546
548,1,7,K,0.9322289
554,1,7,R,0.96501166
562,1,8,D,0.98918915
563,1,8,E,0.96021825
568,1,8,K,0.9738031
574,1,8,R,0.9504607
582,1,9,D,0.6036092
583,1,9,E,0.71110934
588,1,9,K,1.6032867
594,1,9,R,1.6140755
602,1,10,D,1.0482146
603,1,10,E,0.97356164
608,1,10,K,0.9437809
614,1,10,R,0.91762483
622,1,11,D,1.9944346
623,1,11,E,2.1746519
628,1,11,K,1.6568648
634,1,11,R,1.6269988
642,1,12,D,1.8855411
643,1,12,E,2.410434
648,1,12,K,1.064081
654,1,12,R,0.7299789
662,1,13,D,0.93411577
663,1,13,E,1.0604024
668,1,13,K,1.0923628
674,1,13,R,0.86544985
682,1,14,D,0.38743815
683,1,14,E,0.3367709
688,1,14,K,0.3265195
694,1,14,R,0.27586767
702,1,15,D,1.0197564
703,1,15,E,0.9306548
708,1,15,K,0.8775261
714,1,15,R,0.9009388
722,1,16,D,0.97763515
723,1,16,E,0.9780353
728,1,16,K,0.96309483
734,1,16,R,0.94298756
742,1,17,D,0.16897017
743,1,17,E,0.1795041
748,1,17,K,1.2909307
754,1,17,R,1.4202108
762,1,18,D,0.8988684
763,1,18,E,0.9761493
768,1,18,K,1.1437289
774,1,18,R,0.70270586
782,1,19,D,1.1106176
783,1,19,E,0.85539144
788,1,19,K,0.67637324
794,1,19,R,0.85182136
802,2,0,D,0.7476576
803,2,0,E,0.6829636
808,2,0,K,0.20983985
814,2,0,R,0.23990126
822,2,1,D,0.6641974
823,2,1,E,0.7693178
828,2,1,K,0.850159
834,2,1,R,0.8777889
842,2,2,D,0.9766327
843,2,2,E,0.9510154
848,2,2,K,0.9604382
854,2,2,R,0.93380225
862,2,3,D,1.1727616
863,2,3,E,1.229769
868,2,3,K,1.1308073
874,2,3,R,1.2588228
882,2,4,D,0.9790336
883,2,4,E,0.9817017
888,2,4,K,0.98453707
894,2,4,R,0.983863
902,2,5,D,0.9364694
903,2,5,E,0.8997259
908,2,5,K,0.8855056
914,2,5,R,0.8691699
922,2,6,D,2.091981
923,2,6,E,1.0138261
928,2,6,K,0.88177615
934,2,6,R,0.8360228
942,2,7,D,0.8100957
943,2,7,E,0.76837677
948,2,7,K,0.86372244
954,2,7,R,1.0411453
962,2,8,D,0.6427997
963,2,8,E,0.58877903
968,2,8,K,0.57787824
974,2,8,R,0.75747436
982,2,9,D,1.200729
983,2,9,E,1.6032597
988,2,9,K,2.2122974
994,2,9,R,2.2596073
1002,2,10,D,0.770025
1003,2,10,E,0.5652224
1008,2,10,K,0.52825123
1014,2,10,R,0.5640091
1022,2,11,D,1.0883638
1023,2,11,E,0.77678156
1028,2,11,K,0.67892367
1034,2,11,R,0.7454979
1042,2,12,D,0.62417454
1043,2,12,E,0.7154957
1048,2,12,K,1.113824
1054,2,12,R,1.0019653
1062,2,13,D,0.70371836
1063,2,13,E,1.2380364
1068,2,13,K,0.97623
1074,2,13,R,0.93261683
1082,2,14,D,0.96309644
1083,2,14,E,0.9847868
1088,2,14,K,0.96732783
1094,2,14,R,0.9937038
1102,2,15,D,0.9471111
1103,2,15,E,1.0131673
1108,2,15,K,0.92516595
1114,2,15,R,0.73038256
1122,2,16,D,1.2983221
1123,2,16,E,1.2052352
1128,2,16,K,1.1674719
1134,2,16,R,1.0111235
1142,2,17,D,0.9661974
1143,2,17,E,0.9504519
1148,2,17,K,0.94843674
1154,2,17,R,0.92211264
1162,2,18,D,0.95477265
1163,2,18,E,0.97551167
1168,2,18,K,0.9684061
1174,2,18,R,0.99832094
1182,2,19,D,0.7564266
1183,2,19,E,0.9347252
1188,2,19,K,1.0338829
1194,2,19,R,0.8696743
1202,3,0,D,1.0804297
1203,3,0,E,0.88740057
1208,3,0,K,1.104136
1214,3,0,R,1.2506977
1222,3,1,D,1.3844422
1223,3,1,E,3.1519976
1228,3,1,K,1.8376889
1234,3,1,R,0.9617663
1242,3,2,D,1.0301851
1243,3,2,E,1.2786564
1248,3,2,K,1.776384
1254,3,2,R,0.8599081
1262,3,3,D,0.74098194
1263,3,3,E,0.74427944
1268,3,3,K,0.75076914
1274,3,3,R,0.67947316
1282,3,4,D,0.87947136
1283,3,4,E,0.7391974
1288,3,4,K,1.0253177
1294,3,4,R,0.98273826
1302,3,5,D,1.4138749
1303,3,5,E,1.1773738
1308,3,5,K,0.9708296
1314,3,5,R,0.8914421
1322,3,6,D,1.0011036
1323,3,6,E,0.9674976
1328,3,6,K,0.84408456
1334,3,6,R,1.0306047
1342,3,7,D,0.9494094
1343,3,7,E,0.91276634
1348,3,7,K,0.94333875
1354,3,7,R,0.9762024
1362,3,8,D,0.6101114
1363,3,8,E,0.44649696
1368,3,8,K,0.29585305
1374,3,8,R,0.26672256
1382,3,9,D,0.54821044
1383,3,9,E,0.6144696
1388,3,9,K,0.66139424
1394,3,9,R,0.8432446
1402,3,10,D,1.1105679
1403,3,10,E,1.0804662
1408,3,10,K,0.98555815
1414,3,10,R,0.9838839
1422,3,11,D,0.93068033
1423,3,11,E,0.9281496
1428,3,11,K,0.94637346
1434,3,11,R,0.97137237
1442,3,12,D,0.26259243
1443,3,12,E,0.624769
1448,3,12,K,3.8857834
1454,3,12,R,4.7004895
1462,3,13,D,0.72711754
1463,3,13,E,0.71821505
1468,3,13,K,0.7320631
1474,3,13,R,0.84312576
1482,3,14,D,1.9345965
1483,3,14,E,0.8382787
1488,3,14,K,0.83900076
1494,3,14,R,0.74262375
1502,3,15,D,0.9555841
1503,3,15,E,0.94290537
1508,3,15,K,0.937065
1514,3,15,R,0.9657195
1522,3,16,D,0.79422355
1523,3,16,E,0.7223774
1528,3,16,K,0.7094085
1534,3,16,R,0.7146867
1542,3,17,D,0.93279123
1543,3,17,E,0.61820626
1548,3,17,K,0.44948933
1554,3,17,R,0.77308744
1562,3,18,D,0.7745523
1563,3,18,E,0.7788822
1568,3,18,K,0.88783187
1574,3,18,R,1.2189444
1582,3,19,D,0.9513047
1583,3,19,E,0.9617572
1588,3,19,K,0.9624988
1594,3,19,R,0.98773533
1602,4,0,D,0.8632508
1603,4,0,E,0.78822666
1608,4,0,K,0.73433137
1614,4,0,R,0.7947572
1622,4,1,D,1.0147953
1623,4,1,E,0.87795746
1628,4,1,K,0.8506913
1634,4,1,R,0.9774686
1642,4,2,D,0.94156
1643,4,2,E,0.92804414
1648,4,2,K,0.93063223
1654,4,2,R,0.9461712
1662,4,3,D,0.6549317
1663,4,3,E,0.710158
1668,4,3,K,1.1478727
1674,4,3,R,0.8917231
1682,4,4,D,0.84069043
1683,4,4,E,0.7376098
1688,4,4,K,0.7205853
1694,4,4,R,0.963313
1702,4,5,D,0.9313112
1703,4,5,E,0.8656299
1708,4,5,K,0.8448752
1714,4,5,R,0.9781587
1722,4,6,D,0.94455767
1723,4,6,E,0.9386574
1728,4,6,K,0.96406174
1734,4,6,R,0.9602648
1742,4,7,D,1.0234345
1743,4,7,E,1.1312915
1748,4,7,K,0.81257504
1754,4,7,R,0.8824192
1762,4,8,D,1.1678649
1763,4,8,E,1.0726583
1768,4,8,K,1.4906627
1774,4,8,R,1.590372
1782,4,9,D,4.9896355
1783,4,9,E,3.092342
1788,4,9,K,0.7701316
1794,4,9,R,0.35746711
1802,4,10,D,1.2363192
1803,4,10,E,1.0633459
1808,4,10,K,1.4510652
1814,4,10,R,0.851671
1822,4,11,D,0.72808474
1823,4,11,E,0.68808967
1828,4,11,K,0.6465837
1834,4,11,R,0.7675711
1842,4,12,D,1.1075753
1843,4,12,E,1.0146475
1848,4,12,K,1.0694603
1854,4,12,R,0.89728796
1862,4,13,D,0.9172914
1863,4,13,E,0.81410205
1868,4,13,K,0.7649585
1874,4,13,R,0.8717508
1882,4,14,D,0.8945389
1883,4,14,E,1.007941
1888,4,14,K,0.9859924
1894,4,14,R,0.9610545
1902,4,15,D,0.38221455
1903,4,15,E,0.6255026
1908,4,15,K,0.63666296
1914,4,15,R,0.67624784
1922,4,16,D,0.4635354
1923,4,16,E,0.5462595
1928,4,16,K,0.6453809
1934,4,16,R,0.69243014
1942,4,17,D,0.63484454
1943,4,17,E,0.6140994
1948,4,17,K,0.61048424
1954,4,17,R,0.64623684
1962,4,18,D,1.7525952
1963,4,18,E,1.1150296
1968,4,18,K,0.7843525
1974,4,18,R,0.7475945
1982,4,19,D,0.94659233
1983,4,19,E,0.961857
1988,4,19,K,0.93442047
1994,4,19,R,0.9857602
2002,5,0,D,0.7534989
2003,5,0,E,0.6471896
2008,5,0,K,0.7131225
2014,5,0,R,0.87644964
2022,5,1,D,1.4079264
2023,5,1,E,1.5455183
2028,5,1,K,1.4012576
2034,5,1,R,0.99852455
2042,5,2,D,2.1805427
2043,5,2,E,0.6750994
2048,5,2,K,0.74709266
2054,5,2,R,0.7910106
2062,5,3,D,0.9490398
2063,5,3,E,0.9058855
2068,5,3,K,0.8806663
2074,5,3,R,0.7614616
2082,5,4,D,0.81623495
2083,5,4,E,0.6947266
2088,5,4,K,0.58441514
2094,5,4,R,0.6543911
2102,5,5,D,0.68009734
2103,5,5,E,0.8432356
2108,5,5,K,0.85538423
2114,5,5,R,0.7871782
2122,5,6,D,0.56086826
2123,5,6,E,0.66554224
2128,5,6,K,0.69878954
2134,5,6,R,0.8314912
2142,5,7,D,0.54224205
2143,5,7,E,0.5908155
2148,5,7,K,0.60844254
2154,5,7,R,0.5538697
2162,5,8,D,1.0921602
2163,5,8,E,0.9611381
2168,5,8,K,0.897555
2174,5,8,R,0.88639146
2182,5,9,D,1.0698631
2183,5,9,E,0.8331861
2188,5,9,K,0.87065554
2194,5,9,R,0.8603137
2202,5,10,D,0.7406378
2203,5,10,E,0.7014008
2208,5,10,K,0.6283768
2214,5,10,R,0.6348426
2222,5,11,D,0.7203541
2223,5,11,E,0.7811759
2228,5,11,K,0.9290721
2234,5,11,R,1.2294576
2242,5,12,D,1.645493
2243,5,12,E,1.4424965
2248,5,12,K,0.9107976
2254,5,12,R,0.9886505
2262,5,13,D,0.58434457
2263,5,13,E,0.5151902
2268,5,13,K,0.5440665
2274,5,13,R,0.54855645
2282,5,14,D,0.5710126
2283,5,14,E,0.529911
2288,5,14,K,0.52759314
2294,5,14,R,0.60903305
2302,5,15,D,0.88426745
2303,5,15,E,1.2331727
2308,5,15,K,2.2799518
2314,5,15,R,1.2767681
2322,5,16,D,0.7005306
2323,5,16,E,0.7126068
2328,5,16,K,0.7307479
2334,5,16,R,0.7827186
2342,5,17,D,0.82810444
2343,5,17,E,0.73335844
2348,5,17,K,1.0825214
2354,5,17,R,1.092664
2362,5,18,D,0.3378761
2363,5,18,E,0.7122636
2368,5,18,K,1.2447001
2374,5,18,R,2.0669107
2382,5,19,D,0.85165304
2383,5,19,E,0.89645326
2388,5,19,K,1.0499227
2394,5,19,R,0.9374202
2402,6,0,D,1.1724014
2403,6,0,E,1.432843
2408,6,0,K,1.0640974
2414,6,0,R,0.6466328
2422,6,1,D,1.3377492
2423,6,1,E,0.80722183
2428,6,1,K,0.7969254
2434,6,1,R,0.83706903
2442,6,2,D,0.81974614
2443,6,2,E,0.89550334
2448,6,2,K,0.9208229
2454,6,2,R,0.9074957
2462,6,3,D,1.2712872
2463,6,3,E,1.1374846
2468,6,3,K,1.1947527
2474,6,3,R,1.346554
2482,6,4,D,0.95092046
2483,6,4,E,0.9972366
2488,6,4,K,0.95697314
2494,6,4,R,0.9594375
2502,6,5,D,1.0394207
2503,6,5,E,1.2351949
2508,6,5,K,0.81885755
2514,6,5,R,0.6899645
2522,6,6,D,0.85508436
2523,6,6,E,0.6839555
2528,6,6,K,0.7029461
2534,6,6,R,0.7790972
2542,6,7,D,0.94262785
2543,6,7,E,0.8654037
2548,6,7,K,0.7333738
2554,6,7,R,0.643301
2562,6,8,D,1.1288737
2563,6,8,E,1.1200709
2568,6,8,K,0.7598411
2574,6,8,R,0.92722887
2582,6,9,D,0.889298
2583,6,9,E,0.83659095
2588,6,9,K,1.4540446
2594,6,9,R,0.59762675
2602,6,10,D,1.3342314
2603,6,10,E,0.65564805
2608,6,10,K,0.61425126
2614,6,10,R,0.5210774
2622,6,11,D,0.8284491
2623,6,11,E,0.61048335
2628,6,11,K,0.61259973
2634,6,11,R,0.59459037
2642,6,12,D,0.73107475
2643,6,12,E,0.7650867
2648,6,12,K,0.72513056
2654,6,12,R,0.7939077
2662,6,13,D,0.52025163
2663,6,13,E,0.61796355
2668,6,13,K,0.53176147
2674,6,13,R,0.57227415
2682,6,14,D,0.90901405
2683,6,14,E,0.7405611
2688,6,14,K,0.84207594
2694,6,14,R,0.8566534
2702,6,15,D,0.6473103
2703,6,15,E,0.6857992
2708,6,15,K,0.74508816
2714,6,15,R,0.7761583
2722,6,16,D,0.63025147
2723,6,16,E,0.62894666
2728,6,16,K,0.86862177
2734,6,16,R,1.0176641
2742,6,17,D,0.83272517
2743,6,17,E,0.74779403
2748,6,17,K,0.79283655
2754,6,17,R,0.93211627
2762,6,18,D,0.8760735
2763,6,18,E,0.796478
2768,6,18,K,0.8374059
2774,6,18,R,0.86016834
2782,6,19,D,0.57488704
2783,6,19,E,0.407487
2788,6,19,K,0.67448485
2794,6,19,R,0.5401992
2802,7,0,D,0.8324731
2803,7,0,E,0.9074255
2808,7,0,K,1.0215858
2814,7,0,R,1.0691907
2822,7,1,D,0.8817189
2823,7,1,E,0.881444
2828,7,1,K,0.9025345
2834,7,1,R,0.95474297
2842,7,2,D,0.6093947
2843,7,2,E,0.5900764
2848,7,2,K,0.89599055
2854,7,2,R,0.7450766
2862,7,3,D,1.2448348
2863,7,3,E,1.3337154
2868,7,3,K,1.1362938
2874,7,3,R,1.15729
2882,7,4,D,0.5348999
2883,7,4,E,0.5862004
2888,7,4,K,1.4459765
2894,7,4,R,2.176064
2902,7,5,D,0.79607236
2903,7,5,E,0.7547879
2908,7,5,K,0.92692065
2914,7,5,R,0.95528233
2922,7,6,D,0.6718949
2923,7,6,E,0.7980481
2928,7,6,K,1.2771132
2934,7,6,R,2.4382806
2942,7,7,D,0.5798623
2943,7,7,E,0.5564393
2948,7,7,K,0.595633
2954,7,7,R,0.73454213
2962,7,8,D,0.79189414
2963,7,8,E,0.7357098
2968,7,8,K,0.7448676
2974,7,8,R,0.85172766
2982,7,9,D,0.8786568
2983,7,9,E,0.885212
2988,7,9,K,0.941202
2994,7,9,R,0.9499695
3002,7,10,D,0.5074495
3003,7,10,E,0.6000296
3008,7,10,K,1.0698328
3014,7,10,R,1.198147
3022,7,11,D,0.96916336
3023,7,11,E,0.8738575
3028,7,11,K,0.9682703
3034,7,11,R,0.9502504
3042,7,12,D,1.1830148
3043,7,12,E,1.7687445
3048,7,12,K,0.8835922
3054,7,12,R,0.9084736
3062,7,13,D,0.80354434
3063,7,13,E,0.6985554
3068,7,13,K,0.8089166
3074,7,13,R,0.81417334
3082,7,14,D,0.7890626
3083,7,14,E,1.1808897
3088,7,14,K,0.98140895
3094,7,14,R,0.8207489
3102,7,15,D,1.050334
3103,7,15,E,0.9227054
3108,7,15,K,0.9666243
3114,7,15,R,0.9419484
3122,7,16,D,0.81794876
3123,7,16,E,0.80533683
3128,7,16,K,0.84245807
3134,7,16,R,0.8545
3142,7,17,D,0.8633618
3143,7,17,E,0.9768964
3148,7,17,K,0.92205834
3154,7,17,R,0.8425977
3162,7,18,D,1.61376
3163,7,18,E,2.1617873
3168,7,18,K,2.180287
3174,7,18,R,0.726349
3182,7,19,D,1.0802284
3183,7,19,E,1.1794093
3188,7,19,K,1.3239268
3194,7,19,R,0.938439
3202,8,0,D,0.4640413
3203,8,0,E,0.4823921
3208,8,0,K,0.57620126
3214,8,0,R,0.68556446
3222,8,1,D,0.99153626
3223,8,1,E,1.0552691
3228,8,1,K,1.0551912
3234,8,1,R,0.9268434
3242,8,2,D,1.010679
3243,8,2,E,1.0395268
3248,8,2,K,1.0748239
3254,8,2,R,1.2270494
3262,8,3,D,0.61838394
3263,8,3,E,0.61580557
3268,8,3,K,0.7175666
3274,8,3,R,0.66593164
3282,8,4,D,1.2359164
3283,8,4,E,1.2853262
3288,8,4,K,1.0134794
3294,8,4,R,0.8741592
3302,8,5,D,0.9813447
3303,8,5,E,0.957134
3308,8,5,K,0.9631675
3314,8,5,R,0.98471755
3322,8,6,D,0.78262186
3323,8,6,E,0.72397786
3328,8,6,K,0.815198
3334,8,6,R,0.93340695
3342,8,7,D,0.72520036
3343,8,7,E,0.70470935
3348,8,7,K,0.87814224
3354,8,7,R,0.96531147
3362,8,8,D,0.8966542
3363,8,8,E,0.77801985
3368,8,8,K,0.6772956
3374,8,8,R,0.70084554
3382,8,9,D,0.93786037
3383,8,9,E,0.6743457
3388,8,9,K,0.7056328
3394,8,9,R,0.8730216
3402,8,10,D,1.2091678
3403,8,10,E,1.4156821
3408,8,10,K,1.5586666
3414,8,10,R,1.5277368
3422,8,11,D,0.8299487
3423,8,11,E,0.9141883
3428,8,11,K,1.0873551
3434,8,11,R,1.1525927
3442,8,12,D,0.7223376
3443,8,12,E,0.7094368
3448,8,12,K,0.9126332
3454,8,12,R,0.9303927
3462,8,13,D,0.6199202
3463,8,13,E,0.6122281
3468,8,13,K,0.62051564
3474,8,13,R,0.76406384
3482,8,14,D,1.0554411
3483,8,14,E,1.0400597
3488,8,14,K,0.8803563
3494,8,14,R,0.80605865
3502,8,15,D,1.0930164
3503,8,15,E,1.3363243
3508,8,15,K,1.0276955
3514,8,15,R,0.76678735
3522,8,16,D,0.60290456
3523,8,16,E,0.6117525
3528,8,16,K,1.1906197
3534,8,16,R,1.2465107
3542,8,17,D,1.0644708
3543,8,17,E,1.0269729
3548,8,17,K,1.0228069
3554,8,17,R,1.0796508
3562,8,18,D,0.9796024
3563,8,18,E,0.968324
3568,8,18,K,0.93732846
3574,8,18,R,0.9987349
3582,8,19,D,0.76155436
3583,8,19,E,0.7197488
3588,8,19,K,0.6848678
3594,8,19,R,0.8211558
3602,9,0,D,1.1375453
3603,9,0,E,1.1504563
3608,9,0,K,1.0214647
3614,9,0,R,0.9986289
3622,9,1,D,0.8459777
3623,9,1,E,0.666414
3628,9,1,K,0.8057025
3634,9,1,R,0.8329716
3642,9,2,D,0.79546875
3643,9,2,E,0.75275415
3648,9,2,K,0.7532748
3654,9,2,R,0.8935268
3662,9,3,D,0.73911864
3663,9,3,E,0.56673026
3668,9,3,K,0.7441116
3674,9,3,R,0.8237466
3682,9,4,D,1.0676134
3683,9,4,E,0.96409225
3688,9,4,K,0.98023504
3694,9,4,R,1.0017391
3702,9,5,D,0.9824919
3703,9,5,E,0.8480646
3708,9,5,K,1.0398653
3714,9,5,R,1.2781421
3722,9,6,D,0.95999074
3723,9,6,E,0.9526003
3728,9,6,K,0.9565782
3734,9,6,R,0.96598816
3742,9,7,D,0.9390922
3743,9,7,E,0.7736764
3748,9,7,K,0.7763781
3754,9,7,R,0.88240314
3762,9,8,D,4.873221
3763,9,8,E,4.2870603
3768,9,8,K,0.41379365
3774,9,8,R,0.19443777
3782,9,9,D,0.8874388
3783,9,9,E,0.74562746
3788,9,9,K,0.79078925
3794,9,9,R,0.6818314
3802,9,10,D,0.94746816
3803,9,10,E,0.8879448
3808,9,10,K,0.85893077
3814,9,10,R,0.9086888
3822,9,11,D,1.0791237
3823,9,11,E,0.97374177
3828,9,11,K,0.98336005
3834,9,11,R,1.0090522
3842,9,12,D,0.47540748
3843,9,12,E,0.37216002
3848,9,12,K,0.58074284
3854,9,12,R,0.77002746
3862,9,13,D,0.96799475
3863,9,13,E,2.142337
3868,9,13,K,3.7307627
3874,9,13,R,2.1843572
3882,9,14,D,0.57854325
3883,9,14,E,0.5729793
3888,9,14,K,0.6346168
3894,9,14,R,0.5917402
3902,9,15,D,1.013328
3903,9,15,E,0.88993365
3908,9,15,K,0.8189929
3914,9,15,R,0.9109506
3922,9,16,D,0.87533617
3923,9,16,E,0.9595444
3928,9,16,K,1.0762312
3934,9,16,R,1.2559202
3942,9,17,D,0.95031375
3943,9,17,E,0.88606966
3948,9,17,K,0.91884327
3954,9,17,R,1.062406
3962,9,18,D,0.77183664
3963,9,18,E,0.90930986
3968,9,18,K,1.0778419
3974,9,18,R,1.2069664
3982,9,19,D,1.0099335
3983,9,19,E,0.8577496
3988,9,19,K,0.8624232
3994,9,19,R,0.9250828
4002,10,0,D,0.5757984
4003,10,0,E,0.47790772
4008,10,0,K,0.6430209
4014,10,0,R,0.78763455
4022,10,1,D,0.7958926
4023,10,1,E,0.74783254
4028,10,1,K,0.7925852
4034,10,1,R,0.8626324
4042,10,2,D,0.7376303
4043,10,2,E,0.6630358
4048,10,2,K,0.8303435
4054,10,2,R,0.9855634
4062,10,3,D,0.9259472
4063,10,3,E,0.88992405
4068,10,3,K,0.93382144
4074,10,3,R,0.97111946
4082,10,4,D,1.519666
4083,10,4,E,0.95602006
4088,10,4,K,1.0545124
4094,10,4,R,1.0384732
4102,10,5,D,0.9616199
4103,10,5,E,0.936274
4108,10,5,K,0.93911445
4114,10,5,R,0.974912
4122,10,6,D,0.96727216
4123,10,6,E,0.88692284
4128,10,6,K,0.9387956
4134,10,6,R,0.9661042
4142,10,7,D,0.7277834
4143,10,7,E,0.692784
4148,10,7,K,0.77761245
4154,10,7,R,0.92493224
4162,10,8,D,0.9666093
4163,10,8,E,0.8966487
4168,10,8,K,0.88752896
4174,10,8,R,0.9644479
4182,10,9,D,0.3951724
4183,10,9,E,0.23808183
4188,10,9,K,0.56288546
4194,10,9,R,0.68820167
4202,10,10,D,0.97022724
4203,10,10,E,0.8501839
4208,10,10,K,0.8474189
4214,10,10,R,0.9108965
4222,10,11,D,0.93561786
4223,10,11,E,0.976264
4228,10,11,K,1.4260042
4234,10,11,R,1.0212137
4242,10,12,D,0.6019879
4243,10,12,E,0.5469028
4248,10,12,K,0.6417741
4254,10,12,R,0.8171064
4262,10,13,D,1.0414891
4263,10,13,E,1.0455815
4268,10,13,K,0.9861252
4274,10,13,R,1.0334278
4282,10,14,D,0.84675103
4283,10,14,E,0.84979707
4288,10,14,K,1.0038689
4294,10,14,R,1.1405541
4302,10,15,D,0.90774035
4303,10,15,E,0.8553528
4308,10,15,K,0.9197335
4314,10,15,R,0.9444205
4322,10,16,D,0.6181669
4323,10,16,E,0.5812182
4328,10,16,K,0.88959914
4334,10,16,R,0.891458
4342,10,17,D,0.97163814
4343,10,17,E,0.95090556
4348,10,17,K,0.9565219
4354,10,17,R,0.98710716
4362,10,18,D,1.3288326
4363,10,18,E,1.2854844
4368,10,18,K,1.1385149
4374,10,18,R,1.1016184
4382,10,19,D,1.2520089
4383,10,19,E,1.1526867
4388,10,19,K,1.0899631
4394,10,19,R,1.1263713
4402,11,0,D,0.9910175
4403,11,0,E,0.94278723
4408,11,0,K,0.9112825
4414,11,0,R,0.9455701
4422,11,1,D,1.1915057
4423,11,1,E,1.1715826
4428,11,1,K,1.0435973
4434,11,1,R,0.9986285
4442,11,2,D,0.7925406
4443,11,2,E,0.74610364
4448,11,2,K,0.79401135
4454,11,2,R,0.91250575
4462,11,3,D,1.1792525
4463,11,3,E,1.0274564
4468,11,3,K,0.9618271
4474,11,3,R,0.9482871
4482,11,4,D,1.0063996
4483,11,4,E,0.99796623
4488,11,4,K,0.8869522
4494,11,4,R,0.88815916
4502,11,5,D,0.77931774
4503,11,5,E,0.7180316
4508,11,5,K,0.942353
4514,11,5,R,0.9956518
4522,11,6,D,0.8616653
4523,11,6,E,0.78879315
4528,11,6,K,0.84288114
4534,11,6,R,0.9275437
4542,11,7,D,0.944815
4543,11,7,E,0.87679076
4548,11,7,K,0.90337956
4554,11,7,R,0.94642764
4562,11,8,D,0.8567844
4563,11,8,E,0.7648448
4568,11,8,K,0.8527245
4574,11,8,R,0.805935
4582,11,9,D,0.93268496
4583,11,9,E,0.93420607
4588,11,9,K,0.9320546
4594,11,9,R,0.9498016
4602,11,10,D,0.9717236
4603,11,10,E,0.91256976
4608,11,10,K,0.9967291
4614,11,10,R,1.031795
4622,11,11,D,1.0647538
4623,11,11,E,1.1516207
4628,11,11,K,1.316485
4634,11,11,R,1.2616736
4642,11,12,D,0.6796542
4643,11,12,E,0.65938014
4648,11,12,K,0.75410014
4654,11,12,R,0.95476717
4662,11,13,D,1.070268
4663,11,13,E,0.8198446
4668,11,13,K,0.8701911
4674,11,13,R,0.9320554
4682,11,14,D,0.45637357
4683,11,14,E,0.36889172
4688,11,14,K,0.4832695
4694,11,14,R,0.7120244
4702,11,15,D,0.67124003
4703,11,15,E,0.6413077
4708,11,15,K,0.69624275
4714,11,15,R,0.7895944
4722,11,16,D,0.43750095
4723,11,16,E,0.33062398
4728,11,16,K,0.49827477
4734,11,16,R,0.63734025
4742,11,17,D,0.62885034
4743,11,17,E,0.66916
4748,11,17,K,0.67515606
4754,11,17,R,0.6780533
4762,11,18,D,0.77618015
4763,11,18,E,0.82256734
4768,11,18,K,0.9132616
4774,11,18,R,0.86400247
4782,11,19,D,1.210877
4783,11,19,E,0.794094
4788,11,19,K,0.903882
4794,11,19,R,0.88122416
4802,12,0,D,0.99035376
4803,12,0,E,0.9795128
4808,12,0,K,0.98024225
4814,12,0,R,0.9728456
4822,12,1,D,0.5415815
4823,12,1,E,0.49196213
4828,12,1,K,0.5336532
4834,12,1,R,0.6256044
4842,12,2,D,0.46046823
4843,12,2,E,0.4568647
4848,12,2,K,0.5394261
4854,12,2,R,0.6837925
4862,12,3,D,0.83886
4863,12,3,E,0.7842283
4868,12,3,K,0.8380062
4874,12,3,R,0.8729902
4882,12,4,D,1.1550124
4883,12,4,E,0.8827928
4888,12,4,K,0.9016924
4894,12,4,R,0.9215205
4902,12,5,D,1.0020773
4903,12,5,E,0.98610586
4908,12,5,K,0.9634
4914,12,5,R,0.9805911
4922,12,6,D,0.53712076
4923,12,6,E,0.6074133
4928,12,6,K,1.0049778
4934,12,6,R,1.2919314
4942,12,7,D,1.0088351
4943,12,7,E,1.1807976
4948,12,7,K,1.13034
4954,12,7,R,0.88445586
4962,12,8,D,0.8603828
4963,12,8,E,0.7365421
4968,12,8,K,0.79094636
4974,12,8,R,0.8672072
4982,12,9,D,0.5515657
4983,12,9,E,0.46584862
4988,12,9,K,0.62096834
4994,12,9,R,0.82601035
5002,12,10,D,0.7146913
5003,12,10,E,0.69860065
5008,12,10,K,0.75714976
5014,12,10,R,0.8499033
5022,12,11,D,0.9246047
5023,12,11,E,0.8474991
5028,12,11,K,0.8653301
5034,12,11,R,0.92716855
5042,12,12,D,0.9939557
5043,12,12,E,0.9738298
5048,12,12,K,0.945882
5054,12,12,R,0.95718783
5062,12,13,D,0.7536895
5063,12,13,E,0.6776947
5068,12,13,K,0.73910004
5074,12,13,R,0.8462489
5082,12,14,D,0.99027133
5083,12,14,E,0.8609704
5088,12,14,K,0.77878946
5094,12,14,R,0.8178911
5102,12,15,D,0.7768271
5103,12,15,E,0.7482782
5108,12,15,K,0.8198131
5114,12,15,R,0.8272155
5122,12,16,D,0.8238798
5123,12,16,E,0.8834738
5128,12,16,K,0.9523038
5134,12,16,R,0.95279795
5142,12,17,D,0.891724
5143,12,17,E,0.77735174
5148,12,17,K,0.7745803
5154,12,17,R,0.8232363
5162,12,18,D,0.9983467
5163,12,18,E,0.9599961
5168,12,18,K,0.9637008
5174,12,18,R,0.97571945
5182,12,19,D,0.74946845
5183,12,19,E,0.6492631
5188,12,19,K,0.8174948
5194,12,19,R,0.8613504
5202,13,0,D,0.909826
5203,13,0,E,0.88028777
5208,13,0,K,0.88768387
5214,13,0,R,0.8886288
5222,13,1,D,0.6741972
5223,13,1,E,0.602513
5228,13,1,K,0.7396628
5234,13,1,R,0.8144925
5242,13,2,D,0.6594692
5243,13,2,E,0.59228784
5248,13,2,K,0.76046723
5254,13,2,R,0.93522006
5262,13,3,D,0.973554
5263,13,3,E,0.94761467
5268,13,3,K,0.90625614
5274,13,3,R,0.8584033
5282,13,4,D,0.90018576
5283,13,4,E,0.7946217
5288,13,4,K,0.81147885
5294,13,4,R,0.90664333
5302,13,5,D,0.96969306
5303,13,5,E,0.9456231
5308,13,5,K,0.9542012
5314,13,5,R,0.97175795
5322,13,6,D,0.9027177
5323,13,6,E,0.83881915
5328,13,6,K,0.77262837
5334,13,6,R,0.7887426
5342,13,7,D,0.9094519
5343,13,7,E,0.9298153
5348,13,7,K,0.9125078
5354,13,7,R,0.8970707
5362,13,8,D,0.8857345
5363,13,8,E,0.859924
5368,13,8,K,0.8634811
5374,13,8,R,0.8171858
5382,13,9,D,0.966801
5383,13,9,E,0.9564203
5388,13,9,K,0.95712817
5394,13,9,R,0.9607779
5402,13,10,D,0.5174567
5403,13,10,E,0.5281092
5408,13,10,K,0.5999153
5414,13,10,R,0.5209944
5422,13,11,D,0.9440503
5423,13,11,E,0.920493
5428,13,11,K,0.960426
5434,13,11,R,0.9399081
5442,13,12,D,0.61269397
5443,13,12,E,0.5473319
5448,13,12,K,0.8728084
5454,13,12,R,0.7797829
5462,13,13,D,0.70890486
5463,13,13,E,0.64795583
5468,13,13,K,0.77721965
5474,13,13,R,0.79988146
5482,13,14,D,0.7295789
5483,13,14,E,0.65040356
5488,13,14,K,0.690689
5494,13,14,R,0.7480731
5502,13,15,D,0.66109097
5503,13,15,E,0.6323203
5508,13,15,K,0.64244676
5514,13,15,R,0.70384383
5522,13,16,D,0.5637117
5523,13,16,E,0.5144158
5528,13,16,K,0.7276246
5534,13,16,R,0.8603232
5542,13,17,D,0.9250227
5543,13,17,E,0.92961425
5548,13,17,K,0.9360506
5554,13,17,R,0.85572296
5562,13,18,D,0.9551331
5563,13,18,E,0.77756333
5568,13,18,K,0.73074853
5574,13,18,R,0.7489554
5582,13,19,D,0.9036923
5583,13,19,E,0.948366
5588,13,19,K,0.8079774
5594,13,19,R,0.73032254
5602,14,0,D,0.45968446
5603,14,0,E,0.39873213
5608,14,0,K,0.54357904
5614,14,0,R,0.66674566
5622,14,1,D,0.6801319
5623,14,1,E,0.7062476
5628,14,1,K,0.75470895
5634,14,1,R,0.7690741
5642,14,2,D,0.7536636
5643,14,2,E,0.70447314
5648,14,2,K,0.70568126
5654,14,2,R,0.7687076
5662,14,3,D,0.76626766
5663,14,3,E,0.8964859
5668,14,3,K,0.84898895
5674,14,3,R,0.7206953
5682,14,4,D,1.6350087
5683,14,4,E,1.3496102
5688,14,4,K,0.5640759
5694,14,4,R,0.54169977
5702,14,5,D,0.9705084
5703,14,5,E,0.9525049
5708,14,5,K,0.95917815
5714,14,5,R,0.979354
5722,14,6,D,0.9763563
5723,14,6,E,0.97533524
5728,14,6,K,0.96916115
5734,14,6,R,0.9809851
5742,14,7,D,0.71269625
5743,14,7,E,0.6377636
5748,14,7,K,0.55877274
5754,14,7,R,0.6185354
5762,14,8,D,0.6481337
5763,14,8,E,0.6015799
5768,14,8,K,0.6176424
5774,14,8,R,0.67155856
5782,14,9,D,0.35550237
5783,14,9,E,0.32139271
5788,14,9,K,0.4838193
5794,14,9,R,0.69629735
5802,14,10,D,0.74005485
5803,14,10,E,0.76245105
5808,14,10,K,0.85442144
5814,14,10,R,0.82717705
5822,14,11,D,0.6005837
5823,14,11,E,0.57269025
5828,14,11,K,0.6585456
5834,14,11,R,0.6818922
5842,14,12,D,0.84965456
5843,14,12,E,0.8006601
5848,14,12,K,0.78968334
5854,14,12,R,0.8059509
5862,14,13,D,0.77314425
5863,14,13,E,0.7891224
5868,14,13,K,0.7995683
5874,14,13,R,0.84673876
5882,14,14,D,0.8777897
5883,14,14,E,0.8267355
5888,14,14,K,0.839796
5894,14,14,R,0.89431715
5902,14,15,D,0.9346665
5903,14,15,E,0.9151633
5908,14,15,K,0.940032
5914,14,15,R,0.9525909
5922,14,16,D,0.79762465
5923,14,16,E,0.6115716
5928,14,16,K,0.6296295
5934,14,16,R,0.7350161
5942,14,17,D,1.1864109
5943,14,17,E,1.3081515
5948,14,17,K,1.8792554
5954,14,17,R,1.3602647
5962,14,18,D,0.78761345
5963,14,18,E,0.6423359
5968,14,18,K,0.6810444
5974,14,18,R,0.7655278
5982,14,19,D,1.4558811
5983,14,19,E,1.3088197
5988,14,19,K,1.0902115
5994,14,19,R,1.0882406
6002,15,0,D,0.5134925
6003,15,0,E,0.49802762
6008,15,0,K,0.50615734
6014,15,0,R,0.50422496
6022,15,1,D,1.4062085
6023,15,1,E,1.5974256
6028,15,1,K,0.67301536
6034,15,1,R,0.75526255
6042,15,2,D,0.6464428
6043,15,2,E,0.5356189
6048,15,2,K,0.5570766
6054,15,2,R,0.6280693
6062,15,3,D,1.0698156
6063,15,3,E,1.0645652
6068,15,3,K,1.6542286
6074,15,3,R,1.7009256
6082,15,4,D,1.1274606
6083,15,4,E,1.095028
6088,15,4,K,0.665378
6094,15,4,R,0.56815326
6102,15,5,D,0.81693953
6103,15,5,E,0.69482183
6108,15,5,K,0.8753132
6114,15,5,R,0.5563581
6122,15,6,D,0.7189463
6123,15,6,E,0.7166945
6128,15,6,K,0.63525635
6134,15,6,R,0.6555424
6142,15,7,D,0.7874483
6143,15,7,E,0.7612174
6148,15,7,K,0.8084577
6154,15,7,R,0.7987776
6162,15,8,D,0.6680732
6163,15,8,E,0.6054994
6168,15,8,K,0.9547232
6174,15,8,R,0.9946559
6182,15,9,D,0.9491773
6183,15,9,E,0.9361254
6188,15,9,K,0.9515776
6194,15,9,R,0.95904773
6202,15,10,D,0.8595505
6203,15,10,E,0.8124072
6208,15,10,K,0.8636419
6214,15,10,R,0.9096178
6222,15,11,D,0.40774912
6223,15,11,E,0.40436363
6228,15,11,K,0.4062425
6234,15,11,R,0.38576978
6242,15,12,D,0.7695
6243,15,12,E,0.69639415
6248,15,12,K,0.6627383
6254,15,12,R,0.73143196
6262,15,13,D,0.7913782
6263,15,13,E,0.7346099
6268,15,13,K,0.7910959
6274,15,13,R,0.86645085
6282,15,14,D,0.86094046
6283,15,14,E,0.7155706
6288,15,14,K,0.83450186
6294,15,14,R,0.8353114
6302,15,15,D,0.8477001
6303,15,15,E,0.7322443
6308,15,15,K,0.690091
6314,15,15,R,0.63815147
6322,15,16,D,0.7942456
6323,15,16,E,0.95856076
6328,15,16,K,0.9877983
6334,15,16,R,0.6076931
6342,15,17,D,0.55583054
6343,15,17,E,0.5737408
6348,15,17,K,0.6054203
6354,15,17,R,0.5786389
6362,15,18,D,0.794948
6363,15,18,E,0.72798294
6368,15,18,K,0.7294543
6374,15,18,R,0.7819353
6382,15,19,D,0.8546566
6383,15,19,E,0.8710655
6388,15,19,K,0.94560033
6394,15,19,R,0.980106
6402,16,0,D,0.83459175
6403,16,0,E,0.8053496
6408,16,0,K,0.9058833
6414,16,0,R,0.86923575
6422,16,1,D,0.84013015
6423,16,1,E,0.89386946
6428,16,1,K,0.5901969
6434,16,1,R,0.6351604
6442,16,2,D,0.6960708
6443,16,2,E,0.53282994
6448,16,2,K,0.5232967
6454,16,2,R,0.9533618
6462,16,3,D,1.0315678
6463,16,3,E,1.0777739
6468,16,3,K,1.012111
6474,16,3,R,1.0426455
6482,16,4,D,0.6696892
6483,16,4,E,1.0504713
6488,16,4,K,1.3300872
6494,16,4,R,1.1589115
6502,16,5,D,1.107569
6503,16,5,E,1.152737
6508,16,5,K,1.3956232
6514,16,5,R,1.3383342
6522,16,6,D,0.6648182
6523,16,6,E,0.6595593
6528,16,6,K,0.6761425
6534,16,6,R,0.6728899
6542,16,7,D,0.2784164
6543,16,7,E,0.24850109
6548,16,7,K,0.3660015
6554,16,7,R,0.56510085
6562,16,8,D,0.9792938
6563,16,8,E,1.0076212
6568,16,8,K,0.9177075
6574,16,8,R,0.77245617
6582,16,9,D,1.0294404
6583,16,9,E,0.81469816
6588,16,9,K,0.6585895
6594,16,9,R,0.6947105
6602,16,10,D,0.6275831
6603,16,10,E,0.57200605
6608,16,10,K,0.98824984
6614,16,10,R,0.9353133
6622,16,11,D,0.6556906
6623,16,11,E,0.6769195
6628,16,11,K,0.7344793
6634,16,11,R,0.76691884
6642,16,12,D,1.0232885
6643,16,12,E,0.8050102
6648,16,12,K,0.8136437
6654,16,12,R,0.8600538
6662,16,13,D,0.40749788
6663,16,13,E,0.38822863
6668,16,13,K,0.57534975
6674,16,13,R,0.71205825
6682,16,14,D,0.9247682
6683,16,14,E,1.0184646
6688,16,14,K,1.1700263
6694,16,14,R,1.1934044
6702,16,15,D,0.81200886
6703,16,15,E,0.72417164
6708,16,15,K,0.8274583
6714,16,15,R,0.8608236
6722,16,16,D,0.62359554
6723,16,16,E,0.77715063
6728,16,16,K,1.0255585
6734,16,16,R,0.7965733
6742,16,17,D,0.7674452
6743,16,17,E,0.66991633
6748,16,17,K,0.68220913
6754,16,17,R,0.67469734
6762,16,18,D,0.65469754
6763,16,18,E,0.6199251
6768,16,18,K,0.6399227
6774,16,18,R,0.6599959
6782,16,19,D,0.66033876
6783,16,19,E,0.5932681
6788,16,19,K,0.60853446
6794,16,19,R,0.582438
6802,17,0,D,1.1089995
6803,17,0,E,0.9933739
6808,17,0,K,1.0506741
6814,17,0,R,0.9867434
6822,17,1,D,0.62649477
6823,17,1,E,0.64449453
6828,17,1,K,0.8625947
6834,17,1,R,0.95719945
6842,17,2,D,0.66570747
6843,17,2,E,0.80089414
6848,17,2,K,0.5703601
6854,17,2,R,0.5713838
6862,17,3,D,0.5955358
6863,17,3,E,0.5314598
6868,17,3,K,0.85282785
6874,17,3,R,1.0967369
6882,17,4,D,0.52115446
6883,17,4,E,0.44681722
6888,17,4,K,0.6246897
6894,17,4,R,0.68891364
6902,17,5,D,0.5709817
6903,17,5,E,0.5423616
6908,17,5,K,0.7268687
6914,17,5,R,0.80621964
6922,17,6,D,1.0969013
6923,17,6,E,0.9175235
6928,17,6,K,0.7668696
6934,17,6,R,0.75506616
6942,17,7,D,0.7955171
6943,17,7,E,0.7597644
6948,17,7,K,0.8861642
6954,17,7,R,0.84010774
6962,17,8,D,0.8905505
6963,17,8,E,0.7424939
6968,17,8,K,0.61517024
6974,17,8,R,0.6572068
6982,17,9,D,0.6686779
6983,17,9,E,0.6850277
6988,17,9,K,0.8261724
6994,17,9,R,0.6836882
7002,17,10,D,0.6277526
7003,17,10,E,0.53451484
7008,17,10,K,0.7026658
7014,17,10,R,0.6930943
7022,17,11,D,0.41793916
7023,17,11,E,0.46116206
7028,17,11,K,2.9650092
7034,17,11,R,2.845211
7042,17,12,D,0.41834494
7043,17,12,E,0.404077
7048,17,12,K,0.52413046
7054,17,12,R,0.5991645
7062,17,13,D,0.89802563
7063,17,13,E,0.80930734
7068,17,13,K,0.74503297
7074,17,13,R,0.87127495
7082,17,14,D,0.6718667
7083,17,14,E,0.67517024
7088,17,14,K,0.644019
7094,17,14,R,0.6867151
7102,17,15,D,0.8326731
7103,17,15,E,0.8216006
7108,17,15,K,0.8124792
7114,17,15,R,0.82257706
7122,17,16,D,0.62592494
7123,17,16,E,0.6311983
7128,17,16,K,0.7383264
7134,17,16,R,1.0089381
7142,17,17,D,1.1221846
7143,17,17,E,1.0308151
7148,17,17,K,0.56483227
7154,17,17,R,0.6504422
7162,17,18,D,0.75944793
7163,17,18,E,0.8044684
7168,17,18,K,0.8410017
7174,17,18,R,0.7890386
7182,17,19,D,0.8827726
7183,17,19,E,0.87121266
7188,17,19,K,0.7900035
7194,17,19,R,0.80831456
7202,18,0,D,0.7679849
7203,18,0,E,0.50206494
7208,18,0,K,0.4339606
7214,18,0,R,0.63167965
7222,18,1,D,0.53565085
7223,18,1,E,0.4766937
7228,18,1,K,0.6506675
7234,18,1,R,0.77042997
7242,18,2,D,0.7034384
7243,18,2,E,0.6197417
7248,18,2,K,0.70832044
7254,18,2,R,0.71080655
7262,18,3,D,1.2962778
7263,18,3,E,0.65855736
7268,18,3,K,0.7267405
7274,18,3,R,0.7999219
7282,18,4,D,0.4233883
7283,18,4,E,0.4018872
7288,18,4,K,0.42560443
7294,18,4,R,0.64909875
7302,18,5,D,0.79656994
7303,18,5,E,0.8443039
7308,18,5,K,0.897576
7314,18,5,R,0.943712
7322,18,6,D,0.9707605
7323,18,6,E,0.9435012
7328,18,6,K,0.9465167
7334,18,6,R,0.95193434
7342,18,7,D,0.8320259
7343,18,7,E,0.7821203
7348,18,7,K,0.83944905
7354,18,7,R,0.7493135
7362,18,8,D,1.4944266
7363,18,8,E,1.0098444
7368,18,8,K,0.7912096
7374,18,8,R,0.8227449
7382,18,9,D,0.77964705
7383,18,9,E,0.77705276
7388,18,9,K,0.70143384
7394,18,9,R,0.64923483
7402,18,10,D,0.6498661
7403,18,10,E,0.64578
7408,18,10,K,0.67075807
7414,18,10,R,0.601233
7422,18,11,D,0.5504301
7423,18,11,E,0.5992137
7428,18,11,K,1.0740627
7434,18,11,R,1.5252217
7442,18,12,D,0.6423264
7443,18,12,E,0.5591656
7448,18,12,K,0.59937084
7454,18,12,R,0.673984
7462,18,13,D,1.0584959
7463,18,13,E,0.95859706
7468,18,13,K,1.2338562
7474,18,13,R,0.69753027
7482,18,14,D,1.2189609
7483,18,14,E,1.3015553
7488,18,14,K,1.3227607
7494,18,14,R,1.0704148
7502,18,15,D,0.93911034
7503,18,15,E,0.7373335
7508,18,15,K,1.1067927
7514,18,15,R,0.8334406
7522,18,16,D,0.94234324
7523,18,16,E,0.69347703
7528,18,16,K,0.7031311
7534,18,16,R,0.6096698
7542,18,17,D,0.9329825
7543,18,17,E,0.96050215
7548,18,17,K,0.83256507
7554,18,17,R,0.90223414
7562,18,18,D,0.6173674
7563,18,18,E,0.47242677
7568,18,18,K,0.49873233
7574,18,18,R,0.5224811
7582,18,19,D,0.66914344
7583,18,19,E,0.598564
7588,18,19,K,0.7257971
7594,18,19,R,0.69086796
7602,19,0,D,0.87791854
7603,19,0,E,0.8992419
7608,19,0,K,0.91260946
7614,19,0,R,0.9420019
7622,19,1,D,0.6311169
7623,19,1,E,0.5500011
7628,19,1,K,0.6702911
7634,19,1,R,0.65982056
7642,19,2,D,0.54991853
7643,19,2,E,0.47789448
7648,19,2,K,0.5835728
7654,19,2,R,0.662649
7662,19,3,D,0.84977514
7663,19,3,E,0.734167
7668,19,3,K,0.90483695
7674,19,3,R,0.98429304
7682,19,4,D,1.1368262
7683,19,4,E,0.9529235
7688,19,4,K,0.8923066
7694,19,4,R,0.9112583
7702,19,5,D,0.65999836
7703,19,5,E,0.64358914
7708,19,5,K,0.60310966
7714,19,5,R,0.5377187
7722,19,6,D,0.85083777
7723,19,6,E,0.7948662
7728,19,6,K,0.79054856
7734,19,6,R,0.8106324
7742,19,7,D,0.82223684
7743,19,7,E,0.69711787
7748,19,7,K,0.7772621
7754,19,7,R,0.77047545
7762,19,8,D,0.76974636
7763,19,8,E,0.76536894
7768,19,8,K,0.7592137
7774,19,8,R,0.73976177
7782,19,9,D,0.44924998
7783,19,9,E,0.4561549
7788,19,9,K,0.47731492
7794,19,9,R,0.52866143
7802,19,10,D,0.6481778
7803,19,10,E,0.5174706
7808,19,10,K,0.60696733
7814,19,10,R,0.54274833
7822,19,11,D,0.58838767
7823,19,11,E,0.62365377
7828,19,11,K,0.7730373
7834,19,11,R,0.7629434
7842,19,12,D,0.577271
7843,19,12,E,0.5664475
7848,19,12,K,0.60516113
7854,19,12,R,0.6998419
7862,19,13,D,0.7109808
7863,19,13,E,0.74924695
7868,19,13,K,0.903972
7874,19,13,R,1.3205622
7882,19,14,D,1.0478243
7883,19,14,E,0.98002326
7888,19,14,K,0.97685426
7894,19,14,R,1.0007088
7902,19,15,D,0.8967257
7903,19,15,E,0.8505556
7908,19,15,K,0.7065563
7914,19,15,R,0.7149941
7922,19,16,D,0.6850039
7923,19,16,E,0.8050882
7928,19,16,K,1.3026285
7934,19,16,R,1.2543309
7942,19,17,D,0.9252921
7943,19,17,E,0.8158421
7948,19,17,K,0.80364054
7954,19,17,R,0.8828608
7962,19,18,D,1.1431475
7963,19,18,E,0.92754966
7968,19,18,K,0.80915946
7974,19,18,R,0.6835628
7982,19,19,D,0.5407927
7983,19,19,E,0.47300217
7988,19,19,K,0.5010031
7994,19,19,R,0.6008468
8002,20,0,D,0.66168684
8003,20,0,E,0.60418004
8008,20,0,K,0.65759724
8014,20,0,R,0.67647845
8022,20,1,D,0.7870098
8023,20,1,E,0.7483517
8028,20,1,K,0.7199137
8034,20,1,R,0.79288054
8042,20,2,D,0.9006431
8043,20,2,E,0.81005776
8048,20,2,K,0.77020633
8054,20,2,R,0.78877467
8062,20,3,D,0.9225249
8063,20,3,E,0.91637915
8068,20,3,K,0.9660103
8074,20,3,R,1.006215
8082,20,4,D,0.81560475
8083,20,4,E,0.74483705
8088,20,4,K,0.8013143
8094,20,4,R,0.8631729
8102,20,5,D,0.85719836
8103,20,5,E,0.69961244
8108,20,5,K,0.71433914
8114,20,5,R,0.7178994
8122,20,6,D,1.204624
8123,20,6,E,1.3306319
8128,20,6,K,1.2107066
8134,20,6,R,1.2903804
8142,20,7,D,0.4423864
8143,20,7,E,0.4805561
8148,20,7,K,0.48247033
8154,20,7,R,0.5142411
8162,20,8,D,0.79792684
8163,20,8,E,0.55322826
8168,20,8,K,0.79016197
8174,20,8,R,0.7817942
8182,20,9,D,0.78357685
8183,20,9,E,0.5856406
8188,20,9,K,0.69810545
8194,20,9,R,0.7409788
8202,20,10,D,0.89368945
8203,20,10,E,0.9054734
8208,20,10,K,0.9015246
8214,20,10,R,0.9508138
8222,20,11,D,0.6202941
8223,20,11,E,0.61786366
8228,20,11,K,0.6131018
8234,20,11,R,0.60150576
8242,20,12,D,0.79279315
8243,20,12,E,0.70642245
8248,20,12,K,0.7884513
8254,20,12,R,0.78030205
8262,20,13,D,1.0359913
8263,20,13,E,0.86345035
8268,20,13,K,0.8669684
8274,20,13,R,0.89708805
8282,20,14,D,0.56887287
8283,20,14,E,0.73444086
8288,20,14,K,0.968754
8294,20,14,R,1.4314563
8302,20,15,D,0.82298476
8303,20,15,E,0.84407014
8308,20,15,K,0.92757136
8314,20,15,R,0.94982177
8322,20,16,D,0.734052
8323,20,16,E,0.62918264
8328,20,16,K,0.66172725
8334,20,16,R,0.7456325
8342,20,17,D,0.9660313
8343,20,17,E,1.2302629
8348,20,17,K,0.656403
8354,20,17,R,0.663792
8362,20,18,D,0.8156836
8363,20,18,E,0.6767
8368,20,18,K,0.81361836
8374,20,18,R,0.9062927
8382,20,19,D,0.89999545
8383,20,19,E,0.8235429
8388,20,19,K,0.84409726
8394,20,19,R,0.90085995
8402,21,0,D,0.81016463
8403,21,0,E,0.85069007
8408,21,0,K,0.8592571
8414,21,0,R,0.775943
8422,21,1,D,0.75550646
8423,21,1,E,0.7434377
8428,21,1,K,0.55112696
8434,21,1,R,0.5802659
8442,21,2,D,0.71619177
8443,21,2,E,0.6617644
8448,21,2,K,0.6691775
8454,21,2,R,0.75697696
8462,21,3,D,0.8202705
8463,21,3,E,0.661104
8468,21,3,K,0.6085853
8474,21,3,R,0.6115409
8482,21,4,D,0.7471778
8483,21,4,E,0.7213447
8488,21,4,K,0.78348887
8494,21,4,R,0.7783371
8502,21,5,D,0.62202084
8503,21,5,E,0.67801905
8508,21,5,K,0.71094453
8514,21,5,R,0.64577645
8522,21,6,D,0.70719
8523,21,6,E,0.6272463
8528,21,6,K,0.689156
8534,21,6,R,0.79933614
8542,21,7,D,0.58619434
8543,21,7,E,0.5565786
8548,21,7,K,0.63728213
8554,21,7,R,0.65132266
8562,21,8,D,0.8527035
8563,21,8,E,0.81604594
8568,21,8,K,0.717067
8574,21,8,R,0.65461046
8582,21,9,D,0.65997994
8583,21,9,E,0.58339095
8588,21,9,K,0.67324555
8594,21,9,R,0.65122974
8602,21,10,D,0.524462
8603,21,10,E,0.5196338
8608,21,10,K,0.7906582
8614,21,10,R,0.6946942
8622,21,11,D,1.1228607
8623,21,11,E,0.77278715
8628,21,11,K,0.7867784
8634,21,11,R,0.7181991
8642,21,12,D,0.6252799
8643,21,12,E,0.74761546
8648,21,12,K,0.5887682
8654,21,12,R,0.68050957
8662,21,13,D,0.87942433
8663,21,13,E,0.75134546
8668,21,13,K,0.7460453
8674,21,13,R,0.8036488
8682,21,14,D,1.1322982
8683,21,14,E,1.022476
8688,21,14,K,1.02138
8694,21,14,R,1.077565
8702,21,15,D,0.7497788
8703,21,15,E,0.7737682
8708,21,15,K,0.8268625
8714,21,15,R,0.88028705
8722,21,16,D,2.4353728
8723,21,16,E,1.5131242
8728,21,16,K,0.55635875
8734,21,16,R,0.5066196
8742,21,17,D,0.53554803
8743,21,17,E,0.4581233
8748,21,17,K,1.5646588
8754,21,17,R,1.0718175
8762,21,18,D,0.9703035
8763,21,18,E,0.7114247
8768,21,18,K,0.685722
8774,21,18,R,1.1449015
8782,21,19,D,0.6213674
8783,21,19,E,0.5769934
8788,21,19,K,0.80547285
8794,21,19,R,0.8269906
8802,22,0,D,0.8404513
8803,22,0,E,0.77783567
8808,22,0,K,0.94210345
8814,22,0,R,1.1025894
8822,22,1,D,0.8493883
8823,22,1,E,0.85425353
8828,22,1,K,1.1002405
8834,22,1,R,1.0236254
8842,22,2,D,0.6834154
8843,22,2,E,0.5157414
8848,22,2,K,0.61632335
8854,22,2,R,0.7224379
8862,22,3,D,0.8864893
8863,22,3,E,0.8480288
8868,22,3,K,0.8811757
8874,22,3,R,0.8991509
8882,22,4,D,1.365477
8883,22,4,E,1.1001033
8888,22,4,K,1.1498637
8894,22,4,R,0.9395328
8902,22,5,D,0.5995302
8903,22,5,E,0.54251486
8908,22,5,K,0.5833285
8914,22,5,R,0.6649705
8922,22,6,D,0.86822534
8923,22,6,E,0.7887961
8928,22,6,K,1.0693974
8934,22,6,R,1.1808006
8942,22,7,D,0.61754483
8943,22,7,E,0.541312
8948,22,7,K,0.6238606
8954,22,7,R,0.9789077
8962,22,8,D,0.89443636
8963,22,8,E,0.7398023
8968,22,8,K,0.77137905
8974,22,8,R,0.8360298
8982,22,9,D,0.9118416
8983,22,9,E,0.84658206
8988,22,9,K,0.7505018
8994,22,9,R,0.73485404
9002,22,10,D,0.77125245
9003,22,10,E,0.67546016
9008,22,10,K,0.80100745
9014,22,10,R,0.81095237
9022,22,11,D,1.0419576
9023,22,11,E,0.96317446
9028,22,11,K,1.0068861
9034,22,11,R,0.95835865
9042,22,12,D,0.5640097
9043,22,12,E,0.5226094
9048,22,12,K,1.1390688
9054,22,12,R,1.0079
9062,22,13,D,0.6139914
9063,22,13,E,0.47910795
9068,22,13,K,0.5062461
9074,22,13,R,0.5283004
9082,22,14,D,0.66689086
9083,22,14,E,0.6427534
9088,22,14,K,0.650502
9094,22,14,R,0.7277084
9102,22,15,D,0.94972944
9103,22,15,E,0.79498756
9108,22,15,K,0.8676503
9114,22,15,R,0.86505693
9122,22,16,D,0.7883578
9123,22,16,E,0.7877517
9128,22,16,K,0.8681735
9134,22,16,R,0.95652956
9142,22,17,D,0.3394316
9143,22,17,E,0.3727838
9148,22,17,K,0.55807304
9154,22,17,R,0.6135747
9162,22,18,D,3.0939705
9163,22,18,E,3.0638108
9168,22,18,K,0.58357877
9174,22,18,R,0.39412406
9182,22,19,D,0.9598638
9183,22,19,E,0.6668009
9188,22,19,K,0.70393616
9194,22,19,R,0.84495646
9202,23,0,D,0.81858283
9203,23,0,E,0.7321601
9208,23,0,K,0.7357727
9214,23,0,R,0.77343804
9222,23,1,D,0.8675168
9223,23,1,E,0.9970003
9228,23,1,K,0.7828816
9234,23,1,R,0.65654624
9242,23,2,D,0.6805236
9243,23,2,E,0.6018351
9248,23,2,K,0.6122027
9254,23,2,R,1.1123033
9262,23,3,D,0.9282779
9263,23,3,E,0.687532
9268,23,3,K,0.7345174
9274,23,3,R,0.77951485
9282,23,4,D,0.8525343
9283,23,4,E,0.73226243
9288,23,4,K,0.64554584
9294,23,4,R,0.62654936
9302,23,5,D,0.897147
9303,23,5,E,0.7912658
9308,23,5,K,0.7898771
9314,23,5,R,0.82085145
9322,23,6,D,0.8331593
9323,23,6,E,0.7559163
9328,23,6,K,0.7871841
9334,23,6,R,0.79316807
9342,23,7,D,0.5207143
9343,23,7,E,0.48050857
9348,23,7,K,0.576334
9354,23,7,R,0.59401816
9362,23,8,D,0.8783547
9363,23,8,E,0.7691432
9368,23,8,K,0.7729272
9374,23,8,R,0.7798217
9382,23,9,D,0.810078
9383,23,9,E,0.77618873
9388,23,9,K,0.91407937
9394,23,9,R,0.94009984
9402,23,10,D,0.8351139
9403,23,10,E,0.8243286
9408,23,10,K,0.89882326
9414,23,10,R,0.9135498
9422,23,11,D,1.4720973
9423,23,11,E,0.720753
9428,23,11,K,0.7612179
9434,23,11,R,0.82941467
9442,23,12,D,0.5439353
9443,23,12,E,0.41855058
9448,23,12,K,0.87237316
9454,23,12,R,0.9021234
9462,23,13,D,0.6644939
9463,23,13,E,0.6644056
9468,23,13,K,0.47752136
9474,23,13,R,0.5486647
9482,23,14,D,0.7691412
9483,23,14,E,0.6984523
9488,23,14,K,0.76098186
9494,23,14,R,0.8320715
9502,23,15,D,0.7534462
9503,23,15,E,0.858894
9508,23,15,K,0.84792954
9514,23,15,R,0.7532909
9522,23,16,D,0.89115536
9523,23,16,E,0.8149912
9528,23,16,K,0.8847533
9534,23,16,R,0.7168688
9542,23,17,D,0.69221294
9543,23,17,E,0.64016944
9548,23,17,K,0.6350044
9554,23,17,R,0.71138346
9562,23,18,D,0.78092754
9563,23,18,E,0.6302097
9568,23,18,K,0.7616639
9574,23,18,R,0.80027604
9582,23,19,D,0.74138397
9583,23,19,E,0.6030396
9588,23,19,K,0.633898
9594,23,19,R,0.73144215
9602,24,0,D,0.63231623
9603,24,0,E,0.6512586
9608,24,0,K,1.2585956
9614,24,0,R,1.4450551
9622,24,1,D,0.8547586
9623,24,1,E,0.7537786
9628,24,1,K,0.66039485
9634,24,1,R,0.67807764
9642,24,2,D,0.7213752
9643,24,2,E,0.7426266
9648,24,2,K,1.0944594
9654,24,2,R,0.8755157
9662,24,3,D,0.5984076
9663,24,3,E,0.42035046
9668,24,3,K,0.5453476
9674,24,3,R,0.7006709
9682,24,4,D,0.7839373
9683,24,4,E,0.63416046
9688,24,4,K,0.6121016
9694,24,4,R,0.6950944
9702,24,5,D,0.58508754
9703,24,5,E,0.55728626
9708,24,5,K,0.5842947
9714,24,5,R,0.6242123
9722,24,6,D,0.92890954
9723,24,6,E,0.84984666
9728,24,6,K,0.8282661
9734,24,6,R,0.861084
9742,24,7,D,0.9468093
9743,24,7,E,0.8849422
9748,24,7,K,0.9005909
9754,24,7,R,0.9243071
9762,24,8,D,1.4402323
9763,24,8,E,0.8692151
9768,24,8,K,0.7453636
9774,24,8,R,0.81484115
9782,24,9,D,0.75798357
9783,24,9,E,0.74398685
9788,24,9,K,0.8377321
9794,24,9,R,1.0062181
9802,24,10,D,0.7303677
9803,24,10,E,0.6472066
9808,24,10,K,0.7105504
9814,24,10,R,0.8917775
9822,24,11,D,0.78508866
9823,24,11,E,0.7939118
9828,24,11,K,1.1618886
9834,24,11,R,0.8682
9842,24,12,D,1.2047327
9843,24,12,E,1.1014106
9848,24,12,K,1.0674651
9854,24,12,R,1.0434371
9862,24,13,D,0.70990795
9863,24,13,E,0.6159781
9868,24,13,K,0.60603505
9874,24,13,R,0.59614295
9882,24,14,D,0.5496426
9883,24,14,E,0.4737677
9888,24,14,K,0.5863619
9894,24,14,R,0.62494844
9902,24,15,D,0.6881342
9903,24,15,E,0.83911324
9908,24,15,K,0.9349381
9914,24,15,R,0.7290918
9922,24,16,D,0.8754582
9923,24,16,E,0.7514351
9928,24,16,K,0.7287326
9934,24,16,R,0.7092755
9942,24,17,D,0.668211
9943,24,17,E,0.83548033
9948,24,17,K,0.89517564
9954,24,17,R,0.87994313
9962,24,18,D,0.4688841
9963,24,18,E,0.5827759
9968,24,18,K,0.89998895
9974,24,18,R,0.75946856
9982,24,19,D,0.95730317
9983,24,19,E,0.6939969
9988,24,19,K,0.5712655
9994,24,19,R,0.5883767
10002,25,0,D,0.6301956
10003,25,0,E,0.59020776
10008,25,0,K,0.5734899
10014,25,0,R,0.6112947
10022,25,1,D,0.5117874
10023,25,1,E,0.50399494
10028,25,1,K,1.2262203
10034,25,1,R,2.5009165
10042,25,2,D,0.4248343
10043,25,2,E,0.27586913
10048,25,2,K,0.38692844
10054,25,2,R,0.42806652
10062,25,3,D,0.574569
10063,25,3,E,0.626687
10068,25,3,K,0.98675376
10074,25,3,R,1.3749332
10082,25,4,D,0.76444566
10083,25,4,E,0.6446952
10088,25,4,K,0.77941567
10094,25,4,R,0.78060126
10102,25,5,D,0.71216345
10103,25,5,E,0.6133569
10108,25,5,K,0.8018234
10114,25,5,R,0.8404642
10122,25,6,D,1.0653942
10123,25,6,E,0.5584228
10128,25,6,K,0.72918344
10134,25,6,R,0.66072935
10142,25,7,D,1.0132811
10143,25,7,E,0.6610669
10148,25,7,K,0.6150183
10154,25,7,R,0.67270666
10162,25,8,D,0.9936346
10163,25,8,E,0.80325675
10168,25,8,K,0.80974585
10174,25,8,R,0.83434707
10182,25,9,D,0.6719677
10183,25,9,E,0.5462738
10188,25,9,K,0.5421054
10194,25,9,R,0.52224624
10202,25,10,D,0.63711673
10203,25,10,E,0.5438937
10208,25,10,K,0.5520071
10214,25,10,R,0.7009072
10222,25,11,D,0.9781226
10223,25,11,E,0.9029691
10228,25,11,K,0.88799536
10234,25,11,R,0.9122667
10242,25,12,D,0.6293787
10243,25,12,E,0.61268604
10248,25,12,K,0.7933016
10254,25,12,R,0.6943945
10262,25,13,D,0.8417624
10263,25,13,E,0.7211639
10268,25,13,K,0.7398354
10274,25,13,R,0.82673246
10282,25,14,D,0.61290944
10283,25,14,E,0.5918212
10288,25,14,K,0.5875694
10294,25,14,R,0.71951115
10302,25,15,D,0.7877193
10303,25,15,E,0.66393465
10308,25,15,K,0.6738965
10314,25,15,R,0.71099585
10322,25,16,D,0.99614733
10323,25,16,E,0.9245979
10328,25,16,K,0.9543153
10334,25,16,R,0.9462811
10342,25,17,D,0.83100706
10343,25,17,E,0.83950174
10348,25,17,K,0.7716972
10354,25,17,R,0.64566416
10362,25,18,D,0.73244977
10363,25,18,E,0.60213983
10368,25,18,K,0.8026376
10374,25,18,R,0.62861997
10382,25,19,D,0.69746757
10383,25,19,E,0.7075786
10388,25,19,K,0.811339
10394,25,19,R,0.7074171
10402,26,0,D,0.7188399
10403,26,0,E,0.68807995
10408,26,0,K,1.3117632
10414,26,0,R,0.6606107
10422,26,1,D,0.65944487
10423,26,1,E,0.7968857
10428,26,1,K,4.7278104
10434,26,1,R,1.7525414
10442,26,2,D,0.6242877
10443,26,2,E,0.588571
10448,26,2,K,0.98733664
10454,26,2,R,1.2896119
10462,26,3,D,0.81362927
10463,26,3,E,0.74999475
10468,26,3,K,0.8579635
10474,26,3,R,0.89616704
10482,26,4,D,1.0025332
10483,26,4,E,0.97472644
10488,26,4,K,0.94137836
10494,26,4,R,0.96327215
10502,26,5,D,1.0290747
10503,26,5,E,0.8924269
10508,26,5,K,0.89360917
10514,26,5,R,0.9620248
10522,26,6,D,0.91641974
10523,26,6,E,0.907237
10528,26,6,K,0.9506322
10534,26,6,R,0.9914549
10542,26,7,D,0.5950584
10543,26,7,E,0.5631166
10548,26,7,K,0.5172127
10554,26,7,R,0.5231297
10562,26,8,D,0.961501
10563,26,8,E,1.3258036
10568,26,8,K,0.5135937
10574,26,8,R,0.49130884
10582,26,9,D,1.3178821
10583,26,9,E,1.2522161
10588,26,9,K,0.64642507
10594,26,9,R,0.6771712
10602,26,10,D,1.3084042
10603,26,10,E,0.91281825
10608,26,10,K,1.0050426
10614,26,10,R,0.98414445
10622,26,11,D,0.9724789
10623,26,11,E,0.87233907
10628,26,11,K,0.9475329
10634,26,11,R,0.9368601
10642,26,12,D,0.82531327
10643,26,12,E,0.71641487
10648,26,12,K,0.6515477
10654,26,12,R,0.67010826
10662,26,13,D,0.6237126
10663,26,13,E,0.6043979
10668,26,13,K,0.6612748
10674,26,13,R,0.8138819
10682,26,14,D,0.9875724
10683,26,14,E,0.95649874
10688,26,14,K,1.016256
10694,26,14,R,0.99367243
10702,26,15,D,0.7527279
10703,26,15,E,0.81277364
10708,26,15,K,0.90874094
10714,26,15,R,0.58891803
10722,26,16,D,0.85089535
10723,26,16,E,0.8572436
10728,26,16,K,0.8983838
10734,26,16,R,0.9215675
10742,26,17,D,1.2795321
10743,26,17,E,1.3460569
10748,26,17,K,0.64688784
10754,26,17,R,0.63548386
10762,26,18,D,1.3493446
10763,26,18,E,1.9547108
10768,26,18,K,0.87818825
10774,26,18,R,0.6929404
10782,26,19,D,0.8531721
10783,26,19,E,0.7270607
10788,26,19,K,0.6850206
10794,26,19,R,0.92726785
10802,27,0,D,0.8217547
10803,27,0,E,0.71082467
10808,27,0,K,1.0404075
10814,27,0,R,0.9437596
10822,27,1,D,0.74275637
10823,27,1,E,0.7304074
10828,27,1,K,0.8121881
10834,27,1,R,0.97799885
10842,27,2,D,1.7183955
10843,27,2,E,1.5692828
10848,27,2,K,0.70382774
10854,27,2,R,0.75473416
10862,27,3,D,0.89594656
10863,27,3,E,0.8557598
10868,27,3,K,0.8541161
10874,27,3,R,0.90077686
10882,27,4,D,0.92550164
10883,27,4,E,0.90274704
10888,27,4,K,0.9141573
10894,27,4,R,0.9874015
10902,27,5,D,0.7781051
10903,27,5,E,0.6732964
10908,27,5,K,0.688681
10914,27,5,R,0.7832179
10922,27,6,D,0.6972237
10923,27,6,E,0.5488665
10928,27,6,K,0.55681396
10934,27,6,R,0.7056208
10942,27,7,D,1.1064173
10943,27,7,E,0.9451228
10948,27,7,K,0.96073747
10954,27,7,R,0.94888175
10962,27,8,D,0.8727773
10963,27,8,E,0.87467074
10968,27,8,K,0.89213216
10974,27,8,R,0.9245353
10982,27,9,D,0.74240977
10983,27,9,E,0.7066306
10988,27,9,K,1.1336571
10994,27,9,R,1.2748643
11002,27,10,D,1.0277506
11003,27,10,E,0.8947153
11008,27,10,K,0.8814547
11014,27,10,R,0.92854965
11022,27,11,D,0.9135741
11023,27,11,E,0.7886093
11028,27,11,K,0.8963826
11034,27,11,R,0.99626786
11042,27,12,D,0.8797671
11043,27,12,E,0.84455687
11048,27,12,K,0.92480457
11054,27,12,R,0.85688174
11062,27,13,D,0.83963895
11063,27,13,E,0.76261675
11068,27,13,K,0.74041384
11074,27,13,R,0.7422586
11082,27,14,D,0.6922531
11083,27,14,E,0.5372263
11088,27,14,K,0.45550936
11094,27,14,R,0.49542683
11102,27,15,D,0.6695672
11103,27,15,E,0.65134364
11108,27,15,K,0.7014442
11114,27,15,R,0.7369426
11122,27,16,D,0.3575776
11123,27,16,E,0.33801103
11128,27,16,K,0.41069287
11134,27,16,R,0.62854195
11142,27,17,D,0.42104715
11143,27,17,E,0.39755797
11148,27,17,K,0.3880269
11154,27,17,R,0.52958757
11162,27,18,D,0.9606017
11163,27,18,E,0.8054665
11168,27,18,K,0.85578096
11174,27,18,R,0.8589161
11182,27,19,D,0.7567363
11183,27,19,E,0.69638723
11188,27,19,K,0.69263786
11194,27,19,R,0.73662263
11202,28,0,D,0.85160476
11203,28,0,E,0.7206023
11208,28,0,K,0.7729365
11214,28,0,R,0.9596722
11222,28,1,D,0.67323935
11223,28,1,E,0.71208566
11228,28,1,K,1.0051517
11234,28,1,R,0.90921
11242,28,2,D,0.98569757
11243,28,2,E,0.9268356
11248,28,2,K,0.87213004
11254,28,2,R,0.91342914
11262,28,3,D,0.6260516
11263,28,3,E,0.5657468
11268,28,3,K,0.57615393
11274,28,3,R,1.0952826
11282,28,4,D,0.7204156
11283,28,4,E,0.6955593
11288,28,4,K,0.77336895
11294,28,4,R,0.85416585
11302,28,5,D,0.71102226
11303,28,5,E,0.64851326
11308,28,5,K,0.7240662
11314,28,5,R,0.8254863
11322,28,6,D,0.8436254
11323,28,6,E,0.97389215
11328,28,6,K,0.942697
11334,28,6,R,1.0306861
11342,28,7,D,4.460677
11343,28,7,E,2.424655
11348,28,7,K,0.5478425
11354,28,7,R,0.4002275
11362,28,8,D,0.6411894
11363,28,8,E,0.64086354
11368,28,8,K,0.73429084
11374,28,8,R,0.8841712
11382,28,9,D,0.5509133
11383,28,9,E,0.41683242
11388,28,9,K,0.75027573
11394,28,9,R,0.4767469
11402,28,10,D,0.9165065
11403,28,10,E,0.91175514
11408,28,10,K,0.90467435
11414,28,10,R,0.96712404
11422,28,11,D,0.91212386
11423,28,11,E,0.8445058
11428,28,11,K,0.9058012
11434,28,11,R,1.010581
11442,28,12,D,0.8276063
11443,28,12,E,0.6606549
11448,28,12,K,0.70997113
11454,28,12,R,0.8374602
11462,28,13,D,0.7905133
11463,28,13,E,0.6878446
11468,28,13,K,0.66716665
11474,28,13,R,0.714282
11482,28,14,D,0.2197313
11483,28,14,E,0.17842944
11488,28,14,K,0.24080203
11494,28,14,R,0.44591123
11502,28,15,D,0.7369966
11503,28,15,E,0.60056823
11508,28,15,K,0.7670345
11514,28,15,R,0.8705955
11522,28,16,D,0.9464411
11523,28,16,E,0.9583187
11528,28,16,K,1.6422007
11534,28,16,R,1.6241533
11542,28,17,D,1.5069637
11543,28,17,E,1.2181875
11548,28,17,K,1.1902486
11554,28,17,R,0.58688927
11562,28,18,D,0.9570592
11563,28,18,E,0.94865185
11568,28,18,K,0.9595763
11574,28,18,R,0.9914668
11582,28,19,D,1.0575868
11583,28,19,E,0.84415317
11588,28,19,K,0.68558085
11594,28,19,R,0.707527
11602,29,0,D,0.8888133
11603,29,0,E,0.8044248
11608,29,0,K,0.77706194
11614,29,0,R,0.8802221
11622,29,1,D,0.41810527
11623,29,1,E,0.40565136
11628,29,1,K,0.41406283
11634,29,1,R,0.40722576
11642,29,2,D,1.0935365
11643,29,2,E,0.9822963
11648,29,2,K,0.899811
11654,29,2,R,0.8888242
11662,29,3,D,0.87004536
11663,29,3,E,0.83147234
11668,29,3,K,0.8573285
11674,29,3,R,0.96444076
11682,29,4,D,1.0209975
11683,29,4,E,1.0485967
11688,29,4,K,1.0231538
11694,29,4,R,1.01066
11702,29,5,D,0.8039846
11703,29,5,E,0.8710123
11708,29,5,K,0.9811415
11714,29,5,R,1.0330689
11722,29,6,D,0.41291445
11723,29,6,E,0.4321748
11728,29,6,K,0.43965787
11734,29,6,R,0.34995845
11742,29,7,D,1.1515528
11743,29,7,E,0.5826724
11748,29,7,K,0.5946538
11754,29,7,R,0.52215016
11762,29,8,D,0.4315976
11763,29,8,E,0.34740075
11768,29,8,K,0.42158005
11774,29,8,R,0.57712716
11782,29,9,D,0.70176154
11783,29,9,E,0.66538775
11788,29,9,K,0.7369145
11794,29,9,R,0.8778014
11802,29,10,D,0.79940486
11803,29,10,E,0.7635148
11808,29,10,K,0.83895063
11814,29,10,R,0.87828183
11822,29,11,D,1.0411036
11823,29,11,E,0.9164897
11828,29,11,K,0.90422815
11834,29,11,R,0.92993027
11842,29,12,D,0.8312614
11843,29,12,E,0.7509147
11848,29,12,K,0.7852858
11854,29,12,R,0.91850996
11862,29,13,D,0.485673
11863,29,13,E,0.4589611
11868,29,13,K,0.5179468
11874,29,13,R,0.7144662
11882,29,14,D,0.9518197
11883,29,14,E,0.96919525
11888,29,14,K,1.1258023
11894,29,14,R,1.1720684
11902,29,15,D,1.8223321
11903,29,15,E,1.8454129
11908,29,15,K,0.57009184
11914,29,15,R,0.630986
11922,29,16,D,0.5268577
11923,29,16,E,0.49937755
11928,29,16,K,1.3076464
11934,29,16,R,0.84100777
11942,29,17,D,1.0992031
11943,29,17,E,0.94212025
11948,29,17,K,0.97480273
11954,29,17,R,0.94476914
11962,29,18,D,0.55649596
11963,29,18,E,0.56915265
11968,29,18,K,0.654587
11974,29,18,R,0.7278396
11982,29,19,D,0.93935585
11983,29,19,E,0.8596853
11988,29,19,K,0.891551
11994,29,19,R,0.95495784
12002,30,0,D,0.56771266
12003,30,0,E,0.5749457
12008,30,0,K,0.5060251
12014,30,0,R,0.53466934
12022,30,1,D,0.8498368
12023,30,1,E,0.6538282
12028,30,1,K,0.6670219
12034,30,1,R,1.0781959
12042,30,2,D,0.8765314
12043,30,2,E,0.8757058
12048,30,2,K,0.9131775
12054,30,2,R,0.9500121
12062,30,3,D,0.81761235
12063,30,3,E,0.68159765
12068,30,3,K,0.73415244
12074,30,3,R,0.8222635
12082,30,4,D,0.7035002
12083,30,4,E,0.81132954
12088,30,4,K,1.0777155
12094,30,4,R,1.0867673
12102,30,5,D,0.20091583
12103,30,5,E,0.26816905
12108,30,5,K,4.0959215
12114,30,5,R,3.6139576
12122,30,6,D,0.8994283
12123,30,6,E,1.0478226
12128,30,6,K,0.93113124
12134,30,6,R,0.87671226
12142,30,7,D,1.5506469
12143,30,7,E,1.1259487
12148,30,7,K,1.1230813
12154,30,7,R,1.0757822
12162,30,8,D,0.4242185
12163,30,8,E,0.39726314
12168,30,8,K,0.63130283
12174,30,8,R,0.83630836
12182,30,9,D,1.7838727
12183,30,9,E,0.6609192
12188,30,9,K,0.35821047
12194,30,9,R,0.37176666
12202,30,10,D,0.8989046
12203,30,10,E,0.75405526
12208,30,10,K,0.77667916
12214,30,10,R,0.8843723
12222,30,11,D,0.9617181
12223,30,11,E,0.9048741
12228,30,11,K,0.9299343
12234,30,11,R,0.995053
12242,30,12,D,1.0776283
12243,30,12,E,0.9296138
12248,30,12,K,0.90884006
12254,30,12,R,0.9306496
12262,30,13,D,0.40216944
12263,30,13,E,0.4524614
12268,30,13,K,0.58947253
12274,30,13,R,0.894154
12282,30,14,D,1.0496562
12283,30,14,E,0.9575896
12288,30,14,K,1.0100943
12294,30,14,R,1.0095589
12302,30,15,D,0.9786481
12303,30,15,E,0.9548001
12308,30,15,K,0.9732597
12314,30,15,R,0.96431845
12322,30,16,D,0.8545331
12323,30,16,E,0.7583488
12328,30,16,K,0.7710758
12334,30,16,R,0.8775396
12342,30,17,D,0.985251
12343,30,17,E,0.9338081
12348,30,17,K,0.9625994
12354,30,17,R,0.99678606
12362,30,18,D,0.8115765
12363,30,18,E,1.2714823
12368,30,18,K,1.2670479
12374,30,18,R,0.6136961
12382,30,19,D,1.128781
12383,30,19,E,0.9845016
12388,30,19,K,0.943294
12394,30,19,R,0.942781
12402,31,0,D,0.87506354
12403,31,0,E,0.8057237
12408,31,0,K,0.8081591
12414,31,0,R,1.2490194
12422,31,1,D,1.3209932
12423,31,1,E,1.1878048
12428,31,1,K,0.96611506
12434,31,1,R,0.99018395
12442,31,2,D,0.32004827
12443,31,2,E,0.43979836
12448,31,2,K,0.6245066
12454,31,2,R,0.7117653
12462,31,3,D,0.9970639
12463,31,3,E,0.989431
12468,31,3,K,1.0141723
12474,31,3,R,1.001373
12482,31,4,D,1.283314
12483,31,4,E,1.3747228
12488,31,4,K,0.5178753
12494,31,4,R,0.44410607
12502,31,5,D,0.94411814
12503,31,5,E,0.9520567
12508,31,5,K,0.9632073
12514,31,5,R,0.9559142
12522,31,6,D,1.0933037
12523,31,6,E,0.791488
12528,31,6,K,0.801433
12534,31,6,R,0.8126829
12542,31,7,D,0.81968564
12543,31,7,E,0.9232319
12548,31,7,K,1.1310798
12554,31,7,R,1.1773196
12562,31,8,D,1.0442415
12563,31,8,E,0.9233637
12568,31,8,K,0.92411506
12574,31,8,R,1.0093136
12582,31,9,D,1.1176254
12583,31,9,E,0.9701891
12588,31,9,K,0.87457746
12594,31,9,R,0.9427236
12602,31,10,D,0.5332966
12603,31,10,E,0.5464028
12608,31,10,K,0.5680717
12614,31,10,R,0.66707003
12622,31,11,D,0.91308254
12623,31,11,E,0.89595985
12628,31,11,K,0.9233431
12634,31,11,R,0.9379981
12642,31,12,D,0.96839243
12643,31,12,E,1.0363884
12648,31,12,K,1.0886683
12654,31,12,R,1.2234267
12662,31,13,D,0.9551583
12663,31,13,E,0.9785608
12668,31,13,K,0.97872865
12674,31,13,R,0.9821494
12682,31,14,D,0.90176946
12683,31,14,E,0.9993827
12688,31,14,K,0.8802921
12694,31,14,R,0.9854538
12702,31,15,D,1.0688117
12703,31,15,E,1.0465348
12708,31,15,K,1.0099244
12714,31,15,R,1.112968
12722,31,16,D,0.7828908
12723,31,16,E,0.8068005
12728,31,16,K,0.7890977
12734,31,16,R,0.89042
12742,31,17,D,0.6804706
12743,31,17,E,0.6757819
12748,31,17,K,0.6694157
12754,31,17,R,0.7181374
12762,31,18,D,0.707463
12763,31,18,E,0.84119457
12768,31,18,K,0.90839106
12774,31,18,R,0.99791944
12782,31,19,D,0.6734137
12783,31,19,E,0.73334104
12788,31,19,K,0.7431766
12794,31,19,R,0.5905433
12802,32,0,D,0.49112532
12803,32,0,E,1.0287386
12808,32,0,K,1.0020956
12814,32,0,R,0.86076915
12822,32,1,D,0.97929984
12823,32,1,E,0.9447026
12828,32,1,K,0.9517904
12834,32,1,R,0.9520946
12842,32,2,D,0.7229953
12843,32,2,E,0.8174471
12848,32,2,K,0.7408089
12854,32,2,R,0.7580894
12862,32,3,D,0.71728593
12863,32,3,E,0.48325002
12868,32,3,K,0.48043197
12874,32,3,R,0.5247461
12882,32,4,D,0.21821807
12883,32,4,E,0.3482441
12888,32,4,K,3.6047022
12894,32,4,R,4.4351606
12902,32,5,D,0.6275519
12903,32,5,E,0.70469815
12908,32,5,K,0.9788009
12914,32,5,R,0.88577753
12922,32,6,D,1.7315228
12923,32,6,E,1.8491052
12928,32,6,K,1.5481135
12934,32,6,R,1.5072228
12942,32,7,D,0.79257524
12943,32,7,E,0.30681467
12948,32,7,K,0.26804918
12954,32,7,R,0.5103957
12962,32,8,D,0.6194475
12963,32,8,E,0.65080154
12968,32,8,K,0.6971453
12974,32,8,R,0.65525824
12982,32,9,D,0.96867764
12983,32,9,E,0.9651533
12988,32,9,K,0.97836953
12994,32,9,R,0.9887983
13002,32,10,D,0.69017816
13003,32,10,E,0.76286364
13008,32,10,K,0.7182563
13014,32,10,R,0.8227177
13022,32,11,D,1.0310357
13023,32,11,E,1.055672
13028,32,11,K,1.0626752
13034,32,11,R,1.0344515
13042,32,12,D,1.054388
13043,32,12,E,1.0795536
13048,32,12,K,1.024149
13054,32,12,R,1.0308201
13062,32,13,D,0.61036295
13063,32,13,E,0.62770545
13068,32,13,K,0.7033898
13074,32,13,R,0.77002853
13082,32,14,D,2.4586458
13083,32,14,E,0.87694246
13088,32,14,K,0.52829206
13094,32,14,R,0.3214347
13102,32,15,D,0.82523036
13103,32,15,E,0.92618763
13108,32,15,K,0.97182214
13114,32,15,R,1.0201056
13122,32,16,D,0.8755552
13123,32,16,E,0.9584404
13128,32,16,K,0.9985019
13134,32,16,R,1.0221958
13142,32,17,D,0.7425039
13143,32,17,E,0.7276957
13148,32,17,K,0.8125004
13154,32,17,R,0.81948316
13162,32,18,D,0.66819483
13163,32,18,E,0.623673
13168,32,18,K,0.68010783
13174,32,18,R,0.86506206
13182,32,19,D,0.57846045
13183,32,19,E,0.5258493
13188,32,19,K,0.56969625
13194,32,19,R,0.9959487
